"performer_participant_code","performer_name","performer_age","performer_score"
"704j15r5","Rachel",26,5
"t90yy3z0","Hayley",25,1
"0505p6lv","Hannah",27,5
"dkqzzxly","Stacey",28,5
"hl78m75e","Grace",24,5
"lkprt06i","Bethany",28,3
"58xpziac","Natalie",27,5
"s5qy8gyv","Daisy",26,3
"wt88xb3h","Daisy",24,3
"mfkyjm05","Abigail",26,4
"tuas1f57","Katherine",27,5
"lerbrz5e","Ella",26,3
"sxge4bnj","Chantelle",27,5
"ymautdbh","Grace",28,5
"g0wjfd7h","Megan",26,5
"9p4skfle","Jasmine",27,3
"r6bc5nr6","Megan",26,4
"zfz6xd9m","Hannah",25,4
"xsgnkzjo","Daisy",28,3
"pdi8djyb","Georgia",28,5
"2n7zy2mm","Molly",26,5
"j5fub765","Grace",27,4
"ugponsce","Claire",24,5
"5kxuh36p","Jasmine",28,5
"9h54xpnf","Jasmine",28,4
"3rmzlzf9","Grace",25,0
"rde90zno","Daisy",29,5
"hjwqtolp","Stacey",28,5
"3hd9vstp","Stacey",28,5
"gaiep9rg","Francesca",25,5
"o7f23ius","Natalie",27,5
"cj985m1z","Lydia",25,3
"knbio7at","Victoria",27,5
"ko2a0ncp","Abigail",25,4
"f04ertg4","Kirsty",25,5
"fv1zf4mg","Rachel",27,5
"ogtl48ci","Hayley",24,4
"1gg4on3h","Jemma",26,5
"dwpvk7sn","Lucy",25,4
"sx1gqbxd","Hannah",29,5
"9mc21h75","Jasmine",29,5
"xl6v4ah9","Rebecca",28,5
"3qrottnj","Ella",24,5
"6s4jsp4w","Claire",26,5
"kobpyrrt","Megan",27,5
